id	nombre	apellido	email	genero	direccion
1	Jamil	Pockey	jpockey0@ifeng.com	Male	8250 Laurel Street
2	Guillaume	Andrez	gandrez1@zdnet.com	Male	8 Gerald Street
3	Trista	Rosendorf	trosendorf2@purevolume.com	Female	55343 Sommers Court
4	Vin	Dron	vdron3@howstuffworks.com	Male	405 Evergreen Junction
5	Min	Bluschke	mbluschke4@wordpress.org	Female	01127 Barby Pass
6	Aggy	Kilday	akilday5@rediff.com	Female	597 Manufacturers Center
7	Dela	Mockler	dmockler6@wikia.com	Female	42892 Mosinee Point
8	Derward	Karpe	dkarpe7@nymag.com	Male	89 Bluestem Point
9	Gasper	Archley	garchley8@smh.com.au	Male	2 Johnson Point
10	Carmen	Seage	cseage9@php.net	Female	8 Warbler Crossing
11	Lonee	Tregoning	ltregoninga@businessinsider.com	Female	2002 Ramsey Pass
12	Janeta	Shinn	jshinnb@google.co.jp	Female	2 Florence Crossing
13	Marie-ann	Patrick	mpatrickc@kickstarter.com	Female	4 Spenser Alley
14	Ina	Adkin	iadkind@blogger.com	Female	6 Moland Trail
15	Gerry	Myers	gmyerse@blogtalkradio.com	Female	73013 Mandrake Way
16	Currie	Bende	cbendef@spiegel.de	Male	169 Sunnyside Terrace
17	Cosetta	Meadows	cmeadowsg@shareasale.com	Female	7906 Knutson Park
18	Brice	Roiz	broizh@phpbb.com	Male	50 Michigan Terrace
19	Thayne	Augar	taugari@i2i.jp	Male	57999 Twin Pines Terrace
20	Hillard	Eagleton	heagletonj@weebly.com	Male	64 Columbus Terrace
21	Shanta	Puffett	spuffettk@acquirethisname.com	Female	146 Fair Oaks Terrace
22	Nickola	Cuffin	ncuffinl@berkeley.edu	Male	2 Crownhardt Avenue
23	Jobey	Hessel	jhesselm@edublogs.org	Female	8 Golf Center
24	Meriel	Hebblewaite	mhebblewaiten@booking.com	Female	538 Sauthoff Road
25	Giovanni	Danielsohn	gdanielsohno@google.fr	Male	9649 Stuart Street
26	Frankie	Manssuer	fmanssuerp@51.la	Female	33 Monica Junction
27	Hilton	Girhard	hgirhardq@fotki.com	Male	8674 Texas Road
28	Ethelin	Larking	elarkingr@marketwatch.com	Female	77 Del Mar Circle
29	Stafford	Gilvear	sgilvears@hhs.gov	Male	112 Glacier Hill Road
30	Dunc	O' Driscoll	dodriscollt@liveinternet.ru	Male	8034 Schiller Avenue
31	Darbee	McCurt	dmccurtu@reuters.com	Male	4235 Dexter Hill
32	Zolly	Lauder	zlauderv@comsenz.com	Male	8 Monica Trail
33	Gardener	Hendricks	ghendricksw@psu.edu	Male	2274 Moulton Hill
34	Abe	Lonergan	alonerganx@theguardian.com	Male	2967 Northland Road
35	Deloris	Lilford	dlilfordy@slideshare.net	Female	4 Sheridan Hill
36	Ninnette	Inglefield	ninglefieldz@yandex.ru	Female	171 Summit Center
37	Kirk	Mordey	kmordey10@hibu.com	Male	3 Barby Lane
38	Marcelia	Le Marquis	mlemarquis11@mapquest.com	Female	29364 School Place
39	Joanie	Grebert	jgrebert12@webnode.com	Female	819 Merry Parkway
40	Nigel	Drinkwater	ndrinkwater13@gmpg.org	Male	9370 Fulton Way
41	Josephina	Stilgo	jstilgo14@mail.ru	Female	29693 Saint Paul Trail
42	Ann	Oloshkin	aoloshkin15@apple.com	Female	344 Schmedeman Place
43	Lowrance	Gland	lgland16@google.co.jp	Male	05 Gerald Place
44	Jermain	Critchell	jcritchell17@economist.com	Male	146 Pearson Drive
45	Elton	Verlander	everlander18@archive.org	Male	0 Sherman Road
46	Marchall	Brasted	mbrasted19@noaa.gov	Male	15 Pine View Circle
47	Riobard	Stucke	rstucke1a@pen.io	Male	8020 Arizona Way
48	Ewan	Zumbusch	ezumbusch1b@51.la	Male	98851 Pine View Lane
49	Fields	Pachmann	fpachmann1c@time.com	Male	144 Heffernan Court
50	Rolando	Jerdon	rjerdon1d@hc360.com	Male	4 Kedzie Junction
51	Rodrique	Dowley	rdowley1e@nasa.gov	Male	95901 Pierstorff Crossing
52	Harv	Venturoli	hventuroli1f@purevolume.com	Male	49508 Gina Center
53	Caryl	Jurkiewicz	cjurkiewicz1g@amazon.com	Female	5 Bultman Street
54	Warden	Thursby	wthursby1h@nature.com	Male	1318 Crowley Point
55	Lesya	Cambling	lcambling1i@businessinsider.com	Female	13139 Mesta Way
56	Mohandas	Mansford	mmansford1j@topsy.com	Male	52088 Delaware Drive
57	Rachele	Ellar	rellar1k@free.fr	Female	7 Bay Alley
58	Demetris	Fonso	dfonso1l@indiatimes.com	Female	24 Claremont Center
59	Romy	Rastrick	rrastrick1m@prweb.com	Female	317 Mifflin Street
60	Pancho	Witheford	pwitheford1n@homestead.com	Male	8315 Manley Drive
61	Helaine	Garric	hgarric1o@miibeian.gov.cn	Female	436 Superior Road
62	Kalila	Lago	klago1p@hp.com	Female	807 Prentice Trail
63	Brandais	Camilli	bcamilli1q@ftc.gov	Female	167 Pleasure Alley
64	Winnie	Sell	wsell1r@salon.com	Female	1 Bonner Court
65	Sam	Simonite	ssimonite1s@rambler.ru	Male	35 Banding Parkway
66	Christyna	Elcome	celcome1t@uiuc.edu	Female	4 Twin Pines Crossing
67	Dew	Duncan	dduncan1u@newsvine.com	Male	91773 Holy Cross Hill
68	Barry	Aves	baves1v@smugmug.com	Female	4 Golf Course Alley
69	Say	Beamiss	sbeamiss1w@marriott.com	Male	275 Stephen Street
70	Andrej	Grace	agrace1x@cpanel.net	Male	8505 Center Center
71	Rani	Lewsam	rlewsam1y@360.cn	Female	6 Jenifer Road
72	Eduino	Roskam	eroskam1z@mashable.com	Male	10895 Bluejay Center
73	Mariya	Wudeland	mwudeland20@chron.com	Female	5261 Clove Point
74	Harwell	Timblett	htimblett21@sogou.com	Male	0 Elgar Circle
75	Amye	Major	amajor22@springer.com	Female	2980 Forest Run Point
76	Coralie	Fursey	cfursey23@photobucket.com	Female	7 Tomscot Circle
77	Ashly	Wareham	awareham24@twitter.com	Female	99 Larry Drive
78	Orlando	Tomkowicz	otomkowicz25@discovery.com	Male	55 Schiller Street
79	June	Stuke	jstuke26@google.co.jp	Female	1 Shelley Court
80	Conchita	Brittan	cbrittan27@sun.com	Female	15859 Corscot Drive
81	Ashil	Lackeye	alackeye28@xrea.com	Female	075 Bayside Lane
82	Guillermo	Fitton	gfitton29@cam.ac.uk	Male	8023 Walton Drive
83	Katy	Elcum	kelcum2a@epa.gov	Female	457 Charing Cross Center
84	Mufinella	Hick	mhick2b@prlog.org	Female	298 Sutherland Drive
85	Lazare	Perago	lperago2c@sogou.com	Male	33886 Blackbird Court
86	Lulita	Orrill	lorrill2d@ifeng.com	Female	5759 Shelley Way
87	Ulysses	Andrick	uandrick2e@indiatimes.com	Male	0 Sage Trail
88	Otes	Chawkley	ochawkley2f@theglobeandmail.com	Male	12 Bashford Terrace
89	Sabine	Dumper	sdumper2g@com.com	Female	62304 Dorton Way
90	Sande	Cabane	scabane2h@adobe.com	Female	297 Red Cloud Pass
91	Clerc	Winchurst	cwinchurst2i@dell.com	Male	10405 Melvin Street
92	Kalil	Cunnington	kcunnington2j@army.mil	Male	20 Golf Course Drive
93	Manuel	Bulfoot	mbulfoot2k@mit.edu	Male	5 Oakridge Street
94	Carmelle	Bautiste	cbautiste2l@accuweather.com	Female	4612 Elmside Park
95	Jorrie	Scantleberry	jscantleberry2m@reddit.com	Female	9 Shelley Pass
96	Ciro	McCotter	cmccotter2n@utexas.edu	Male	54 Anderson Road
97	Glynis	Beamson	gbeamson2o@washington.edu	Female	1054 Lyons Trail
98	Vale	Dickins	vdickins2p@prweb.com	Female	107 Graceland Way
99	Bald	Given	bgiven2q@shop-pro.jp	Male	0 Manufacturers Drive
100	Ewart	Wilsher	ewilsher2r@multiply.com	Male	83773 Rieder Plaza
101	Yurik	Deeble	ydeeble2s@webnode.com	Male	1 Butternut Court
102	Katrinka	Suttill	ksuttill2t@nsw.gov.au	Female	9 Londonderry Way
103	Giffer	Glanton	gglanton2u@ebay.com	Male	506 Hooker Hill
104	Ahmed	Shrigley	ashrigley2v@mozilla.org	Male	15738 Summit Lane
105	Brewer	Thew	bthew2w@slate.com	Male	9 Armistice Street
106	Jeniece	Chape	jchape2x@tiny.cc	Female	7734 Summerview Park
107	Ajay	Heelis	aheelis2y@t-online.de	Female	51758 Longview Avenue
108	Marylinda	Shepland	mshepland2z@nationalgeographic.com	Female	96 Northview Way
109	Roseann	Swain	rswain30@chicagotribune.com	Female	70419 Evergreen Parkway
110	Tamar	Deporte	tdeporte31@netscape.com	Female	27 Trailsway Parkway
111	Deloris	Ginnaly	dginnaly32@huffingtonpost.com	Female	9140 Schurz Trail
112	Godiva	Sall	gsall33@nymag.com	Female	2262 Carpenter Point
113	Dex	Avramovitz	davramovitz34@google.cn	Male	7 Kenwood Court
114	Hesther	Botly	hbotly35@google.com.au	Female	33 Milwaukee Court
115	Marlena	Thorley	mthorley36@amazon.com	Female	10 Paget Terrace
116	Jacqueline	McCluin	jmccluin37@patch.com	Female	4 Melody Road
117	Fitzgerald	Ricard	fricard38@blogger.com	Male	65212 Petterle Avenue
118	Philly	Firpo	pfirpo39@wordpress.org	Female	119 Golden Leaf Crossing
119	Lira	Puttick	lputtick3a@paypal.com	Female	01 Old Gate Crossing
120	Frank	Gagg	fgagg3b@xinhuanet.com	Male	9620 Hoffman Terrace
121	Gregorio	Mandre	gmandre3c@istockphoto.com	Male	2 Sherman Drive
122	Brietta	Speller	bspeller3d@redcross.org	Female	5970 Luster Pass
123	Tomasina	Tommasi	ttommasi3e@instagram.com	Female	785 Oak Center
124	Dall	Spare	dspare3f@usda.gov	Male	0 Moulton Trail
125	Lizabeth	Atley	latley3g@360.cn	Female	9 Prairieview Place
126	Rosemary	Charrisson	rcharrisson3h@cargocollective.com	Female	354 Northfield Street
127	Nikolia	Spriggs	nspriggs3i@nature.com	Female	2029 Northwestern Terrace
128	Bran	Whitechurch	bwhitechurch3j@blinklist.com	Male	035 Gerald Way
129	Happy	Feaviour	hfeaviour3k@mit.edu	Female	4962 Sutherland Road
130	Deerdre	Burnsall	dburnsall3l@acquirethisname.com	Female	17 Meadow Ridge Way
131	Marnia	Spinney	mspinney3m@slate.com	Female	2 Crest Line Street
132	Lyon	Pavlasek	lpavlasek3n@fastcompany.com	Male	46660 Algoma Way
133	Marylee	Tupling	mtupling3o@tamu.edu	Female	93209 Pepper Wood Plaza
134	Kordula	MacGeaney	kmacgeaney3p@weibo.com	Female	754 Clyde Gallagher Court
135	Michel	Money	mmoney3q@cbslocal.com	Male	4 Fremont Trail
136	Gerri	Maggi	gmaggi3r@1688.com	Female	60920 Jana Court
137	Shannon	Bumphries	sbumphries3s@drupal.org	Male	2623 Killdeer Pass
138	Britta	Simononsky	bsimononsky3t@flickr.com	Female	0860 Dakota Alley
139	Levey	Sturte	lsturte3u@posterous.com	Male	4 Cascade Terrace
140	Kerrin	Rope	krope3v@cafepress.com	Female	33 Schurz Lane
141	Waring	Balch	wbalch3w@who.int	Male	1161 Victoria Alley
142	Neddie	Gason	ngason3x@51.la	Male	570 Anniversary Parkway
143	Derrick	Bonallick	dbonallick3y@europa.eu	Male	46373 Jay Way
144	Mikael	Dumbarton	mdumbarton3z@state.tx.us	Male	79 Kim Pass
145	Christean	Angier	cangier40@npr.org	Female	022 Oakridge Way
146	Flossy	Haddington	fhaddington41@gravatar.com	Female	9794 Derek Point
147	Heath	Hillock	hhillock42@skype.com	Male	8276 Anthes Lane
148	Elizabet	Lafaye	elafaye43@diigo.com	Female	323 Towne Terrace
149	Sheffie	Hayle	shayle44@nydailynews.com	Male	959 Fisk Way
150	Aili	Jenicke	ajenicke45@forbes.com	Female	2 Darwin Center
151	Amitie	Dirkin	adirkin46@ezinearticles.com	Female	86 Vera Way
152	Humfrey	Hirtzmann	hhirtzmann47@eventbrite.com	Male	21 Hauk Parkway
153	Grata	Morl	gmorl48@flavors.me	Female	607 Graceland Junction
154	Michal	Dourin	mdourin49@themeforest.net	Male	6 Sauthoff Point
155	Burch	Ianelli	bianelli4a@dedecms.com	Male	77259 Golf Pass
156	Maurizio	Rawsthorn	mrawsthorn4b@reverbnation.com	Male	47 Prentice Parkway
157	Dolph	Bellini	dbellini4c@upenn.edu	Male	6 Fair Oaks Alley
158	Caroljean	Houlaghan	choulaghan4d@gravatar.com	Female	862 Bultman Way
159	Verge	Dot	vdot4e@npr.org	Male	1 Starling Crossing
160	Brandy	Edlestone	bedlestone4f@mlb.com	Female	03704 Transport Drive
161	Korella	Ciccottini	kciccottini4g@mediafire.com	Female	56 Holmberg Street
162	Leilah	Krienke	lkrienke4h@biblegateway.com	Female	05036 Mifflin Avenue
163	Rosmunda	Salt	rsalt4i@tamu.edu	Female	1706 Arkansas Way
164	Kirsten	Steutly	ksteutly4j@cyberchimps.com	Female	2082 Garrison Junction
165	Bernette	Yarnley	byarnley4k@nasa.gov	Female	270 Beilfuss Avenue
166	Arlyn	Beauman	abeauman4l@rakuten.co.jp	Female	12 Luster Drive
167	Broderic	Pringuer	bpringuer4m@taobao.com	Male	1 Lukken Plaza
168	Yvor	Hought	yhought4n@stanford.edu	Male	2734 Tennyson Center
169	Rachel	Eady	ready4o@theglobeandmail.com	Female	11 Prairie Rose Drive
170	Stevy	Getten	sgetten4p@cnet.com	Male	3 Morrow Lane
171	Marcelline	Hartley	mhartley4q@vinaora.com	Female	2 Mockingbird Trail
172	Hal	Dibson	hdibson4r@nba.com	Male	66 Hanover Parkway
173	Iorgos	McTaggart	imctaggart4s@yelp.com	Male	5 Northwestern Point
174	Ina	Patek	ipatek4t@networkadvertising.org	Female	61580 Heffernan Point
175	Ardath	Vieyra	avieyra4u@globo.com	Female	591 Iowa Hill
176	Mathilde	Odam	modam4v@comcast.net	Female	474 Marcy Place
177	Clarisse	Fomichkin	cfomichkin4w@bbb.org	Female	9 Clarendon Crossing
178	Cheston	Strelitzer	cstrelitzer4x@odnoklassniki.ru	Male	49490 Badeau Street
179	Virgil	Episcopi	vepiscopi4y@java.com	Male	269 Hallows Park
180	Elston	Rubi	erubi4z@engadget.com	Male	3 Petterle Parkway
181	Cathlene	Swiffen	cswiffen50@storify.com	Female	14 Mcguire Pass
182	Jonathan	Petzold	jpetzold51@sogou.com	Male	63990 Milwaukee Crossing
183	Dorthea	Stratton	dstratton52@weibo.com	Female	5 Jenna Pass
184	Gavin	Gilcriest	ggilcriest53@irs.gov	Male	208 Ludington Center
185	Sandy	Croley	scroley54@tiny.cc	Female	177 Dwight Lane
186	Evonne	Qualtro	equaltro55@e-recht24.de	Female	3085 Columbus Circle
187	Minnie	Janauschek	mjanauschek56@mapy.cz	Female	4 International Alley
188	Izzy	Greetland	igreetland57@elegantthemes.com	Male	1 Division Crossing
189	George	Calafate	gcalafate58@google.pl	Male	019 West Center
190	Noel	Farebrother	nfarebrother59@goo.gl	Female	740 Dexter Trail
191	Vernice	Wilkinson	vwilkinson5a@mtv.com	Female	1291 Nancy Trail
192	Venita	Kissock	vkissock5b@auda.org.au	Female	313 Golf Trail
193	Aldo	Paunsford	apaunsford5c@umich.edu	Male	5660 Main Parkway
194	Audrie	Menure	amenure5d@sakura.ne.jp	Female	90154 Prairie Rose Crossing
195	Meir	Tomaino	mtomaino5e@gravatar.com	Male	7 Miller Place
196	Crystie	Dillintone	cdillintone5f@nydailynews.com	Female	5 Almo Crossing
197	Denni	Vannoni	dvannoni5g@jigsy.com	Female	39 Fuller Pass
198	Ban	De la Harpe	bdelaharpe5h@epa.gov	Male	8 Di Loreto Hill
199	Ripley	Kitching	rkitching5i@ehow.com	Male	78 Starling Terrace
200	Amelita	Cribbin	acribbin5j@altervista.org	Female	5081 Blaine Circle
201	Johny	Riley	jriley5k@google.co.jp	Male	782 Dakota Avenue
202	Brunhilde	Sanbrooke	bsanbrooke5l@businesswire.com	Female	10649 Forest Run Crossing
203	Alleyn	Poinsett	apoinsett5m@cargocollective.com	Male	809 Dakota Junction
204	Guglielmo	Coode	gcoode5n@bloglines.com	Male	01984 Kedzie Lane
205	Lonny	Sturgis	lsturgis5o@discovery.com	Male	5 Atwood Park
206	Skipper	Jankin	sjankin5p@fotki.com	Male	91 Village Junction
207	Early	Hadgraft	ehadgraft5q@twitpic.com	Male	14719 2nd Alley
208	Haley	Janodet	hjanodet5r@fotki.com	Female	451 Upham Alley
209	Cory	Ironside	cironside5s@issuu.com	Female	81 Meadow Vale Plaza
210	Karola	Tune	ktune5t@storify.com	Female	1101 Butterfield Road
211	Ase	Beattie	abeattie5u@odnoklassniki.ru	Male	8654 Hazelcrest Point
212	Adrea	Nattrass	anattrass5v@4shared.com	Female	03075 Swallow Point
213	Fina	Blazejewski	fblazejewski5w@ucoz.com	Female	8 Macpherson Way
214	Ban	Kegg	bkegg5x@mapquest.com	Male	137 Toban Plaza
215	Reggie	Netherclift	rnetherclift5y@nbcnews.com	Female	07 Porter Point
216	Crysta	Schankelborg	cschankelborg5z@google.co.uk	Female	619 Veith Trail
217	Mel	Richen	mrichen60@globo.com	Female	263 Oak Valley Circle
218	Wileen	Otter	wotter61@angelfire.com	Female	602 Hooker Drive
219	Connie	Heys	cheys62@ted.com	Male	18 Dayton Junction
220	Vanda	Budcock	vbudcock63@t-online.de	Female	77 Moose Street
221	Oberon	Dingsdale	odingsdale64@tumblr.com	Male	70253 Kenwood Junction
222	Teena	Hillitt	thillitt65@fda.gov	Female	0 Kedzie Park
223	Roth	Greenfield	rgreenfield66@mediafire.com	Male	06 Beilfuss Way
224	Omar	Podbury	opodbury67@cdbaby.com	Male	86 Hooker Place
225	Gwenneth	Couser	gcouser68@ehow.com	Female	9343 Utah Junction
226	Morganne	Tremethack	mtremethack69@bigcartel.com	Female	4421 Burrows Street
227	Sammy	Fone	sfone6a@ftc.gov	Male	2 Holy Cross Place
228	Giff	Traite	gtraite6b@si.edu	Male	7 Rieder Junction
229	Jillie	Belsher	jbelsher6c@dion.ne.jp	Female	71 Sachtjen Drive
230	Augusta	Bottelstone	abottelstone6d@twitter.com	Female	881 Ridgeway Parkway
231	Gloriana	Crady	gcrady6e@illinois.edu	Female	673 Fieldstone Avenue
232	Gaelan	Dugall	gdugall6f@springer.com	Male	12 Truax Trail
233	Ryann	Semrad	rsemrad6g@moonfruit.com	Female	460 Dovetail Pass
234	Ranna	Varden	rvarden6h@skyrock.com	Female	6 Karstens Drive
235	Rolfe	Morffew	rmorffew6i@privacy.gov.au	Male	5738 Ridgeview Lane
236	Lester	Pawlata	lpawlata6j@adobe.com	Male	7 Lyons Pass
237	Keen	Eilert	keilert6k@eventbrite.com	Male	7436 Browning Lane
238	Sybilla	Bernhardsson	sbernhardsson6l@slideshare.net	Female	4 Clarendon Crossing
239	Toby	Alenshev	talenshev6m@ycombinator.com	Male	6814 Superior Parkway
240	Basilio	Chevers	bchevers6n@lycos.com	Male	9 Judy Circle
241	Ulrikaumeko	Fache	ufache6o@bing.com	Female	6733 Briar Crest Terrace
242	Jaclin	Beeres	jbeeres6p@cbc.ca	Female	2418 Namekagon Court
243	Alana	Kaemena	akaemena6q@nba.com	Female	05 Onsgard Road
244	Osbourne	Olechnowicz	oolechnowicz6r@aboutads.info	Male	58528 Dawn Crossing
245	Lin	Abramin	labramin6s@army.mil	Male	17038 Canary Crossing
246	Salim	Riteley	sriteley6t@phpbb.com	Male	74795 Anhalt Place
247	Garek	Devonald	gdevonald6u@imdb.com	Male	181 Darwin Trail
248	Jeffrey	O'Hern	johern6v@tinypic.com	Male	6 Prairieview Drive
249	Gigi	Wooddisse	gwooddisse6w@tripod.com	Female	06 Washington Way
250	Cornie	Rogeron	crogeron6x@psu.edu	Female	760 Northport Parkway
251	Cirillo	Wolsey	cwolsey6y@samsung.com	Male	9637 Fieldstone Circle
252	Grayce	Karpfen	gkarpfen6z@a8.net	Female	50041 Porter Place
253	Rodolphe	Krook	rkrook70@networkadvertising.org	Male	4 Cordelia Lane
254	Westleigh	Apfler	wapfler71@creativecommons.org	Male	22 Elgar Place
255	Shirley	Seery	sseery72@fastcompany.com	Female	98040 High Crossing Court
256	Buddie	Garford	bgarford73@abc.net.au	Male	6 Lakewood Gardens Street
257	Dennison	Van Geffen	dvangeffen74@pinterest.com	Male	591 Nova Drive
258	Wallache	Defew	wdefew75@amazon.de	Male	84981 Sheridan Avenue
259	Louise	Revington	lrevington76@yale.edu	Female	1 Becker Lane
260	Imelda	Cleminshaw	icleminshaw77@dagondesign.com	Female	69 Roxbury Circle
261	Natty	Achrameev	nachrameev78@wordpress.com	Female	16565 Kensington Pass
262	Amaleta	Bamell	abamell79@ca.gov	Female	460 Summer Ridge Park
263	Ariadne	Loisi	aloisi7a@amazon.co.jp	Female	8 Monica Hill
264	Fedora	Parkeson	fparkeson7b@nhs.uk	Female	13 Moose Plaza
265	Billie	Grunnill	bgrunnill7c@drupal.org	Female	19623 Kings Trail
266	Brittany	Birchwood	bbirchwood7d@apache.org	Female	0 Old Gate Street
267	Eydie	O'Corhane	eocorhane7e@ustream.tv	Female	13 Old Shore Parkway
268	Caldwell	Batrim	cbatrim7f@twitpic.com	Male	7389 Steensland Place
269	Jaymie	Klimas	jklimas7g@altervista.org	Male	6 Burning Wood Point
270	Melly	Haire	mhaire7h@alibaba.com	Female	45 Chinook Lane
271	Reamonn	Biagini	rbiagini7i@canalblog.com	Male	70183 Claremont Road
272	Dare	Byrth	dbyrth7j@slashdot.org	Male	9099 Lawn Drive
273	Odessa	Tilley	otilley7k@booking.com	Female	61 Londonderry Hill
274	Arabella	Waddams	awaddams7l@facebook.com	Female	1 Mandrake Center
275	Cyril	Mainwaring	cmainwaring7m@behance.net	Male	71196 Lukken Place
276	Melisse	Hast	mhast7n@cafepress.com	Female	73 John Wall Plaza
277	Berky	Izchaki	bizchaki7o@mozilla.com	Male	2138 Union Avenue
278	Michail	Bracer	mbracer7p@amazon.de	Male	0 Macpherson Parkway
279	Karilynn	Doorbar	kdoorbar7q@flavors.me	Female	25 Rusk Hill
280	Caz	Deakins	cdeakins7r@timesonline.co.uk	Male	0 Manitowish Road
281	Filmer	O'Rowane	forowane7s@ftc.gov	Male	551 Hoffman Point
282	Nerti	Duckham	nduckham7t@friendfeed.com	Female	14 2nd Way
283	Farley	Levy	flevy7u@bing.com	Male	4 Scott Avenue
284	Henrie	Itzig	hitzig7v@mac.com	Female	60 Vermont Lane
285	Bernardo	Toe	btoe7w@studiopress.com	Male	68 Nova Drive
286	Brina	Mayworth	bmayworth7x@amazon.co.jp	Female	2 Brown Pass
287	Dorey	Kull	dkull7y@free.fr	Female	6758 Holy Cross Crossing
288	Anastasia	Witling	awitling7z@netscape.com	Female	92175 Dennis Road
289	Franciska	Demare	fdemare80@disqus.com	Female	5 Corben Point
290	Gussy	Iacomi	giacomi81@weather.com	Female	1 Montana Lane
291	Bunny	Padwick	bpadwick82@cbc.ca	Female	1 Welch Center
292	Curran	Goult	cgoult83@ucla.edu	Male	6 Jackson Way
293	Cara	Clayworth	cclayworth84@hatena.ne.jp	Female	2176 Burrows Circle
294	Evered	Treske	etreske85@1und1.de	Male	07 Prairieview Circle
295	Hyacinthia	Simkovich	hsimkovich86@wiley.com	Female	1413 Service Junction
296	Dag	Blacklawe	dblacklawe87@facebook.com	Male	28 Lillian Pass
297	Rikki	Hoyte	rhoyte88@a8.net	Male	210 Anthes Drive
298	Luther	Hollow	lhollow89@delicious.com	Male	3 Walton Junction
299	Ferdinanda	Boutellier	fboutellier8a@discovery.com	Female	9253 Coolidge Avenue
300	Daune	Jiruca	djiruca8b@gravatar.com	Female	7985 Everett Point
301	Zacharias	Twelvetrees	ztwelvetrees8c@miibeian.gov.cn	Male	53 Carioca Trail
302	Lissie	Karpenya	lkarpenya8d@admin.ch	Female	74 Park Meadow Trail
303	Jon	Dybald	jdybald8e@biblegateway.com	Male	0 Talmadge Alley
304	Charity	Wrigglesworth	cwrigglesworth8f@goodreads.com	Female	0 Caliangt Street
305	Peria	Rosenwald	prosenwald8g@amazonaws.com	Female	71024 Twin Pines Terrace
306	Olivie	Kindon	okindon8h@sina.com.cn	Female	4503 Clarendon Hill
307	Madel	Jovicevic	mjovicevic8i@meetup.com	Female	92 Cottonwood Park
308	Stavro	Messier	smessier8j@hp.com	Male	854 3rd Junction
309	Smith	Scrinage	sscrinage8k@chron.com	Male	3 Aberg Hill
310	Cassius	Briars	cbriars8l@bbb.org	Male	27 Anderson Court
311	Phyllis	Strangeways	pstrangeways8m@fda.gov	Female	23 Trailsway Plaza
312	Amandy	Ravenshear	aravenshear8n@gizmodo.com	Female	6 Melvin Plaza
313	Marcille	Mordacai	mmordacai8o@canalblog.com	Female	43919 Dunning Street
314	Bradley	Sneezum	bsneezum8p@t-online.de	Male	081 Pleasure Park
315	Nealon	Malim	nmalim8q@dot.gov	Male	371 Carpenter Circle
316	Vin	Junkinson	vjunkinson8r@wiley.com	Male	520 Steensland Center
317	Lukas	Norman	lnorman8s@lycos.com	Male	810 Browning Hill
318	Monroe	Powers	mpowers8t@cdc.gov	Male	5166 Duke Pass
319	Jennilee	Burdell	jburdell8u@about.com	Female	27 Lien Court
320	Hersch	Clothier	hclothier8v@wikispaces.com	Male	750 Mariners Cove Parkway
321	Ivy	Grimsdike	igrimsdike8w@qq.com	Female	06 Ryan Plaza
322	Alvinia	Dredge	adredge8x@bigcartel.com	Female	8 Prentice Plaza
323	Analise	Martonfi	amartonfi8y@jalbum.net	Female	031 Dwight Junction
324	Aurelea	Djekovic	adjekovic8z@tiny.cc	Female	764 La Follette Crossing
325	Vernice	Kirgan	vkirgan90@prweb.com	Female	6 Sunbrook Way
326	Missie	Ronca	mronca91@tinyurl.com	Female	37 Manitowish Alley
327	Rodrigo	Fronzek	rfronzek92@hubpages.com	Male	53254 Johnson Pass
328	Happy	Redmain	hredmain93@dion.ne.jp	Female	40 Village Green Alley
329	Lynett	Babe	lbabe94@slate.com	Female	93 Rieder Hill
330	Perrine	Tallant	ptallant95@tiny.cc	Female	808 Moulton Hill
331	Albina	Caves	acaves96@cnet.com	Female	21540 Laurel Point
332	Ibrahim	Bruyett	ibruyett97@photobucket.com	Male	24 Darwin Road
333	Myrtice	Wybern	mwybern98@artisteer.com	Female	0713 Jay Alley
334	Silas	Heisler	sheisler99@over-blog.com	Male	027 Coleman Drive
335	Eward	Todhunter	etodhunter9a@paypal.com	Male	195 Clemons Way
336	Car	Malenoir	cmalenoir9b@webeden.co.uk	Male	4 Farwell Circle
337	Joanie	Songist	jsongist9c@timesonline.co.uk	Female	534 Ilene Center
338	Ody	Cheer	ocheer9d@oakley.com	Male	41 Mallory Pass
339	Perren	Golly	pgolly9e@examiner.com	Male	604 Pleasure Drive
340	Lovell	Ilyenko	lilyenko9f@globo.com	Male	55 Summerview Court
341	Tobin	Touson	ttouson9g@reference.com	Male	81587 Fremont Crossing
342	Chalmers	Spaughton	cspaughton9h@newyorker.com	Male	03515 Cambridge Circle
343	Nanni	Halbert	nhalbert9i@squarespace.com	Female	10310 Veith Court
344	Ivy	Colgan	icolgan9j@dot.gov	Female	6 Sutteridge Street
345	Hinze	Woolpert	hwoolpert9k@slate.com	Male	7 Morrow Place
346	Vernon	Eayres	veayres9l@1688.com	Male	968 Bashford Pass
347	Dilly	Horlick	dhorlick9m@rediff.com	Male	6986 Bartelt Parkway
348	Ernest	Iredale	eiredale9n@nymag.com	Male	2064 Texas Alley
349	Emmery	Southall	esouthall9o@paypal.com	Male	63 Tomscot Street
350	Earle	Feifer	efeifer9p@php.net	Male	974 Lighthouse Bay Place
351	Meagan	Hankard	mhankard9q@mapy.cz	Female	071 Clemons Way
352	Graig	Halle	ghalle9r@stanford.edu	Male	1810 Talisman Hill
353	Lennard	Cowell	lcowell9s@redcross.org	Male	24 Rigney Trail
354	Rene	Phelip	rphelip9t@goodreads.com	Male	1058 Morning Way
355	Waylon	Vannah	wvannah9u@howstuffworks.com	Male	71558 Del Mar Avenue
356	Fleming	Orange	forange9v@livejournal.com	Male	826 Northridge Hill
357	Genny	Moran	gmoran9w@ameblo.jp	Female	14 Hoepker Trail
358	Rosanna	Avory	ravory9x@free.fr	Female	12 Talisman Alley
359	Stephanus	Sear	ssear9y@japanpost.jp	Male	7038 Mccormick Parkway
360	Danielle	Anthoin	danthoin9z@livejournal.com	Female	12497 Eagan Junction
361	Colman	Bunkle	cbunklea0@naver.com	Male	6 Lakewood Plaza
362	Ricard	Garken	rgarkena1@t-online.de	Male	280 Brickson Park Hill
363	Reeba	Tonsley	rtonsleya2@illinois.edu	Female	93023 Fuller Lane
364	Saundra	Leathers	sleathersa3@pinterest.com	Female	9400 Barby Way
365	Catina	Smurfit	csmurfita4@bbc.co.uk	Female	466 Hallows Parkway
366	Byran	Mackilpatrick	bmackilpatricka5@lycos.com	Male	508 Northwestern Park
367	Peder	Gozzard	pgozzarda6@exblog.jp	Male	60961 Crescent Oaks Road
368	Olly	Wasson	owassona7@google.de	Female	694 Grim Hill
369	Norene	Blazej	nblazeja8@slideshare.net	Female	59474 American Ash Trail
370	Claretta	Albertson	calbertsona9@cornell.edu	Female	188 Elka Lane
371	Carri	Donaghy	cdonaghyaa@imgur.com	Female	237 Almo Point
372	Romain	Manifould	rmanifouldab@reference.com	Male	14 Continental Court
373	Silvain	Ranyard	sranyardac@clickbank.net	Male	23 Hoffman Alley
374	Gabie	Elton	geltonad@slashdot.org	Female	6195 Golf Course Parkway
375	Fiona	McGroarty	fmcgroartyae@msu.edu	Female	9202 Brickson Park Trail
376	Lenee	Djurevic	ldjurevicaf@hao123.com	Female	5 Schiller Point
377	Raddy	Tungay	rtungayag@mozilla.com	Male	8097 Lerdahl Junction
378	Torey	Stoffels	tstoffelsah@sciencedaily.com	Male	30084 Ryan Alley
379	Mellisa	Benting	mbentingai@cbslocal.com	Female	6190 Atwood Plaza
380	Ellis	Charlin	echarlinaj@miibeian.gov.cn	Male	7 Warner Road
381	Lilah	D'Antonio	ldantonioak@nature.com	Female	0177 Hagan Parkway
382	Wilton	Berceros	wbercerosal@tamu.edu	Male	7313 Melody Way
383	Adriano	O'Crevy	aocrevyam@nationalgeographic.com	Male	75 Jana Pass
384	Micky	Ascough	mascoughan@soundcloud.com	Male	05861 Union Plaza
385	Randall	Denness	rdennessao@wordpress.org	Male	328 Moose Park
386	Merrilee	Sales	msalesap@miibeian.gov.cn	Female	7 Logan Alley
387	Brooke	Bitchener	bbitcheneraq@desdev.cn	Male	0515 Pierstorff Pass
388	Leela	Meert	lmeertar@wordpress.org	Female	3387 Graceland Way
389	Gareth	Najafian	gnajafianas@51.la	Male	5793 Charing Cross Circle
390	Cosetta	Lempel	clempelat@domainmarket.com	Female	5 South Plaza
391	Becka	Dockray	bdockrayau@networkadvertising.org	Female	53209 Carey Pass
392	Agustin	Twinning	atwinningav@kickstarter.com	Male	473 Bayside Avenue
393	Angil	Gillingwater	agillingwateraw@theguardian.com	Female	4474 Menomonie Park
394	Madelle	Ginnety	mginnetyax@last.fm	Female	670 Lunder Terrace
395	Chrotoem	Brittlebank	cbrittlebankay@behance.net	Male	983 Ohio Drive
396	Vern	Juanico	vjuanicoaz@wunderground.com	Male	21557 Cordelia Pass
397	Juana	Crathorne	jcrathorneb0@newyorker.com	Female	8194 Ludington Junction
398	Maribelle	Ilive	miliveb1@businessinsider.com	Female	915 American Ash Terrace
399	Lori	Yerrington	lyerringtonb2@domainmarket.com	Female	36550 Mayfield Junction
400	Gustaf	Kilfedder	gkilfedderb3@vk.com	Male	70 Monument Alley
401	Ashleigh	Greves	agrevesb4@moonfruit.com	Female	930 Sullivan Terrace
402	Austin	Wagnerin	awagnerinb5@ovh.net	Female	486 Moland Street
403	Gleda	Mechic	gmechicb6@theguardian.com	Female	554 High Crossing Alley
404	Clayton	Piscopiello	cpiscopiellob7@si.edu	Male	53597 Cambridge Plaza
405	Pietro	Castiglioni	pcastiglionib8@census.gov	Male	5431 Cordelia Place
406	Jessamyn	Dmitrievski	jdmitrievskib9@eepurl.com	Female	0 Kipling Way
407	Charlotte	Dewsbury	cdewsburyba@home.pl	Female	12 Redwing Court
408	Donica	Paireman	dpairemanbb@github.io	Female	4 Blaine Point
409	Linell	Ivantyev	livantyevbc@xing.com	Female	422 Tennyson Way
410	Bartholomew	Merrell	bmerrellbd@wp.com	Male	44581 Main Center
411	Maurita	Vagg	mvaggbe@netscape.com	Female	1 Farmco Road
412	Joy	Dowbekin	jdowbekinbf@businesswire.com	Female	672 Sullivan Hill
413	Mariska	Osant	mosantbg@apple.com	Female	2 Carpenter Junction
414	Berk	Sheers	bsheersbh@tamu.edu	Male	0 Sutteridge Trail
415	Amelia	Debenham	adebenhambi@home.pl	Female	6732 Bluejay Crossing
416	Lazare	Durden	ldurdenbj@hao123.com	Male	827 Emmet Drive
417	Randy	Divis	rdivisbk@usgs.gov	Male	01734 Thackeray Center
418	Eudora	Cochrane	ecochranebl@sakura.ne.jp	Female	203 Commercial Avenue
419	Gustavus	Ginman	gginmanbm@technorati.com	Male	2 7th Pass
420	Eugen	Kennifeck	ekennifeckbn@amazon.co.uk	Male	326 Hallows Drive
421	Charles	Graser	cgraserbo@angelfire.com	Male	5 Hermina Hill
422	Nathan	Kevlin	nkevlinbp@networksolutions.com	Male	168 Farragut Place
423	Ortensia	Kegg	okeggbq@loc.gov	Female	22 Heath Trail
424	Creighton	Woolger	cwoolgerbr@blogtalkradio.com	Male	8436 Continental Trail
425	Demetris	Rutt	druttbs@vistaprint.com	Male	0 Magdeline Plaza
426	Corinna	Bulloch	cbullochbt@163.com	Female	822 Schlimgen Terrace
427	Zebulon	Samson	zsamsonbu@webs.com	Male	5 Dovetail Pass
428	Adelind	McMorran	amcmorranbv@indiatimes.com	Female	28040 Wayridge Plaza
429	Dasi	Vaz	dvazbw@bandcamp.com	Female	5 Sycamore Way
430	Katti	Penhaleurack	kpenhaleurackbx@princeton.edu	Female	17567 Mockingbird Pass
431	Herta	Newnham	hnewnhamby@mail.ru	Female	45188 Tomscot Crossing
432	Phylis	Tustin	ptustinbz@who.int	Female	80009 Washington Hill
433	Graehme	Eschalotte	geschalottec0@trellian.com	Male	010 American Avenue
434	Marian	Kitcher	mkitcherc1@foxnews.com	Female	6 Brickson Park Crossing
435	Gay	Leman	glemanc2@ed.gov	Male	8 Tennyson Avenue
436	Dodi	Jervis	djervisc3@parallels.com	Female	3 Forster Terrace
437	Ramon	Feronet	rferonetc4@usnews.com	Male	6801 Claremont Avenue
438	Theodore	Shyres	tshyresc5@cyberchimps.com	Male	85737 Trailsway Circle
439	Kevyn	O'Lynn	kolynnc6@toplist.cz	Female	3319 Glendale Court
440	Phineas	Girton	pgirtonc7@reference.com	Male	12603 Forster Drive
441	Kally	Scarffe	kscarffec8@flickr.com	Female	75 Gerald Hill
442	Georgie	Biagioni	gbiagionic9@so-net.ne.jp	Male	8 Sycamore Point
443	Roberto	Izard	rizardca@blogtalkradio.com	Male	67355 Hovde Park
444	Sherlock	Blackesland	sblackeslandcb@over-blog.com	Male	22 Jenifer Junction
445	Alexei	Fandrich	afandrichcc@unblog.fr	Male	58 Forest Run Plaza
446	Peri	Baythrop	pbaythropcd@deliciousdays.com	Female	97 Kim Way
447	Horacio	De Witt	hdewittce@desdev.cn	Male	7 Jay Plaza
448	Mose	Tinmouth	mtinmouthcf@elpais.com	Male	4542 Debs Road
449	Lanni	Falvey	lfalveycg@scribd.com	Female	1 Ronald Regan Pass
450	Walton	Fisbburne	wfisbburnech@army.mil	Male	14 Trailsway Street
451	Ashlin	Campo	acampoci@gizmodo.com	Male	06 Harbort Drive
452	Gill	Danser	gdansercj@live.com	Male	96 Messerschmidt Street
453	Ruggiero	Brotherton	rbrothertonck@cargocollective.com	Male	9 Victoria Street
454	Dolph	Corssen	dcorssencl@constantcontact.com	Male	853 Straubel Road
455	Bret	Cayet	bcayetcm@deliciousdays.com	Male	904 Pawling Circle
456	Ewen	Schimonek	eschimonekcn@4shared.com	Male	9 Grim Hill
457	Pryce	Ousby	pousbyco@shop-pro.jp	Male	7 4th Avenue
458	Vladimir	Marlon	vmarloncp@tinyurl.com	Male	951 Corry Plaza
459	Elspeth	Riggs	eriggscq@yellowpages.com	Female	42 Huxley Junction
460	Ailyn	MacAlroy	amacalroycr@pcworld.com	Female	9061 Melby Junction
461	Dionysus	Frohock	dfrohockcs@goo.ne.jp	Male	727 Bunting Drive
462	Sybil	Taynton	stayntonct@squarespace.com	Female	101 Southridge Way
463	Mano	Williams	mwilliamscu@senate.gov	Male	35 Veith Avenue
464	Faye	Wyard	fwyardcv@unicef.org	Female	770 Kensington Alley
465	Tuesday	Rubrow	trubrowcw@amazon.co.jp	Female	732 Helena Junction
466	Bobbie	Bedward	bbedwardcx@alexa.com	Male	14521 Tennyson Place
467	Marina	Cadreman	mcadremancy@opera.com	Female	00731 Shasta Junction
468	Mara	Reiners	mreinerscz@eepurl.com	Female	9900 Anzinger Parkway
469	Ogden	Angier	oangierd0@nymag.com	Male	08 Debra Crossing
470	Clifford	Chasson	cchassond1@apple.com	Male	808 American Ash Place
471	Kylynn	Timblett	ktimblettd2@mayoclinic.com	Female	6440 Anzinger Parkway
472	Gael	Holde	gholded3@microsoft.com	Female	9 Harbort Court
473	Son	Whittick	swhittickd4@icq.com	Male	5 Raven Junction
474	Rip	Paoletti	rpaolettid5@sakura.ne.jp	Male	1908 Village Green Hill
475	Eleanore	Phittiplace	ephittiplaced6@europa.eu	Female	6 Messerschmidt Trail
476	Astra	Durning	adurningd7@deviantart.com	Female	2 Gulseth Parkway
477	Sloane	Angrove	sangroved8@timesonline.co.uk	Male	64107 Dawn Street
478	Jarib	Brierley	jbrierleyd9@sakura.ne.jp	Male	4902 Sachs Trail
479	Callean	Brayford	cbrayfordda@answers.com	Male	795 Dwight Parkway
480	Emmery	Drakeley	edrakeleydb@chronoengine.com	Male	97769 Mayer Avenue
481	Bartholomeus	MacRannell	bmacrannelldc@edublogs.org	Male	675 Del Sol Hill
482	Orson	Ambrosch	oambroschdd@bloomberg.com	Male	581 Banding Court
483	Godfry	Onians	goniansde@businessinsider.com	Male	0 Eagan Place
484	Cathlene	Bloxsome	cbloxsomedf@time.com	Female	726 Jenifer Alley
485	Leyla	Walisiak	lwalisiakdg@dagondesign.com	Female	91477 Becker Hill
486	Querida	Manns	qmannsdh@msn.com	Female	910 Roxbury Circle
487	Karney	Leare	klearedi@unesco.org	Male	56 Luster Court
488	Kerr	Kingaby	kkingabydj@imageshack.us	Male	00 Oak Valley Lane
489	Elysha	Laws	elawsdk@gmpg.org	Female	722 Bartillon Crossing
490	Pansy	Wintle	pwintledl@artisteer.com	Female	00 Saint Paul Terrace
491	Marissa	Galpen	mgalpendm@cyberchimps.com	Female	9517 Buhler Road
492	Barde	Tavner	btavnerdn@weather.com	Male	32549 Goodland Parkway
493	Inesita	Tapenden	itapendendo@shutterfly.com	Female	53 Oak Hill
494	Nils	Heyball	nheyballdp@vk.com	Male	9 Summit Point
495	Krissy	Van Arsdall	kvanarsdalldq@kickstarter.com	Female	1120 Mccormick Center
496	Jaimie	Treeby	jtreebydr@furl.net	Female	05 Charing Cross Hill
497	Giselle	Classen	gclassends@bloglines.com	Female	5758 Nelson Way
498	Gil	Roubottom	groubottomdt@flickr.com	Male	4533 Boyd Parkway
499	Mac	Fabbro	mfabbrodu@vinaora.com	Male	74 Elmside Center
500	Emanuele	Lunck	elunckdv@netlog.com	Male	545 Stuart Road
501	Anissa	Kuhnel	akuhneldw@cbslocal.com	Female	039 Oxford Drive
502	Joel	Sansom	jsansomdx@dailymotion.com	Male	2 Mayfield Plaza
503	Agna	Wiburn	awiburndy@reddit.com	Female	715 Lakeland Street
504	Patin	Broseke	pbrosekedz@jigsy.com	Male	542 Gulseth Terrace
505	Maitilde	Bute	mbutee0@last.fm	Female	15 Atwood Plaza
506	Merrily	Pates	mpatese1@cnbc.com	Female	59 Grasskamp Trail
507	Filberte	Reyson	freysone2@techcrunch.com	Male	8 Ryan Circle
508	Neron	Woodstock	nwoodstocke3@squidoo.com	Male	80 Atwood Alley
509	Elfie	Habishaw	ehabishawe4@toplist.cz	Female	04277 Welch Point
510	Noel	Fieller	nfiellere5@foxnews.com	Female	91373 Green Junction
511	Boonie	Camolli	bcamollie6@prweb.com	Male	666 Pepper Wood Crossing
512	Dermot	Peacham	dpeachame7@bizjournals.com	Male	690 Glendale Terrace
513	Irv	Roussell	irousselle8@nature.com	Male	578 Stone Corner Avenue
514	Hart	Deguara	hdeguarae9@fotki.com	Male	6084 Quincy Plaza
515	Giulio	Cookley	gcookleyea@etsy.com	Male	7 Mallard Place
516	Archaimbaud	Blyden	ablydeneb@chronoengine.com	Male	80 Stoughton Center
517	Sadye	Tolputt	stolputtec@cloudflare.com	Female	46 Bartillon Center
518	Jared	Rimes	jrimesed@comcast.net	Male	79823 Golden Leaf Trail
519	Elfrieda	Tomicki	etomickiee@wikipedia.org	Female	07 Pepper Wood Avenue
520	Gabrielle	Lintot	glintotef@networksolutions.com	Female	61209 Crownhardt Hill
521	Cathe	Welband	cwelbandeg@de.vu	Female	92 Dorton Crossing
522	Brigit	Merfin	bmerfineh@ameblo.jp	Female	911 Novick Point
523	Casey	Drust	cdrustei@geocities.jp	Female	73 Birchwood Court
524	Winfield	Catto	wcattoej@sun.com	Male	57 Park Meadow Pass
525	Petronia	Dumpleton	pdumpletonek@shareasale.com	Female	221 Redwing Junction
526	Lillis	Spybey	lspybeyel@washingtonpost.com	Female	815 Carioca Park
527	Nita	Varfalameev	nvarfalameevem@omniture.com	Female	70 Hudson Alley
528	Agneta	Constantinou	aconstantinouen@soundcloud.com	Female	19 Petterle Point
529	Debora	Bottrell	dbottrelleo@cargocollective.com	Female	9 Maryland Road
530	Wilone	Humm	whummep@vk.com	Female	395 Corscot Center
531	Yettie	Quick	yquickeq@adobe.com	Female	81 Killdeer Hill
532	Katharina	Andreutti	kandreuttier@redcross.org	Female	39540 8th Drive
533	Kiri	Sculley	ksculleyes@soup.io	Female	64323 Lyons Crossing
534	Andy	Khristoforov	akhristoforovet@ucoz.ru	Male	180 Longview Place
535	Willyt	Quirk	wquirkeu@constantcontact.com	Female	69581 Red Cloud Terrace
536	Leilah	Beckerleg	lbeckerlegev@flavors.me	Female	26 Doe Crossing Junction
537	Binnie	Binder	bbinderew@fda.gov	Female	68793 Gulseth Junction
538	Panchito	Catherine	pcatherineex@tamu.edu	Male	870 Lyons Road
539	Claybourne	Tunnicliffe	ctunnicliffeey@webeden.co.uk	Male	19 Talmadge Place
540	Tull	Beachamp	tbeachampez@pinterest.com	Male	0 Hansons Park
541	Harwell	Bonallick	hbonallickf0@ox.ac.uk	Male	25 Rusk Pass
542	Dominica	Kemster	dkemsterf1@wufoo.com	Female	253 Division Hill
543	Cletus	Lanceley	clanceleyf2@pbs.org	Male	32 Karstens Court
544	Heindrick	Rabat	hrabatf3@abc.net.au	Male	01 Fuller Crossing
545	Amaleta	Isworth	aisworthf4@hhs.gov	Female	83 Sutteridge Court
546	Darya	Tappor	dtapporf5@cnn.com	Female	40 Ryan Point
547	Thom	Brodest	tbrodestf6@admin.ch	Male	91190 Brown Plaza
548	Caye	Joyson	cjoysonf7@businessweek.com	Female	732 Butterfield Junction
549	Franky	Ewbanck	fewbanckf8@drupal.org	Male	43368 Huxley Street
550	Ruttger	Rubinowitch	rrubinowitchf9@ehow.com	Male	5586 Nelson Junction
551	Wolfie	McCaskill	wmccaskillfa@ask.com	Male	75 4th Trail
552	Evvy	Willford	ewillfordfb@hugedomains.com	Female	1646 Dakota Street
553	Lynnette	Pitchford	lpitchfordfc@reference.com	Female	6 Kropf Trail
554	Gwen	Woodeson	gwoodesonfd@hostgator.com	Female	61 Blackbird Lane
555	Rodrigo	Kitchiner	rkitchinerfe@jimdo.com	Male	92586 Duke Circle
556	Abran	Maty	amatyff@free.fr	Male	5 Merry Terrace
557	Rolando	Ferrarello	rferrarellofg@tumblr.com	Male	7 Arapahoe Avenue
558	Cassy	Biaggioli	cbiaggiolifh@w3.org	Female	0809 Southridge Alley
559	Claudelle	Dewey	cdeweyfi@nhs.uk	Female	92 Dahle Place
560	Tally	Laurens	tlaurensfj@google.it	Male	1070 Twin Pines Junction
561	Northrop	Ellson	nellsonfk@paginegialle.it	Male	767 Sherman Hill
562	Sharla	Crossfield	scrossfieldfl@nps.gov	Female	2 Marquette Center
563	Burch	Goodinson	bgoodinsonfm@deliciousdays.com	Male	43940 Canary Parkway
564	Evangeline	Livingstone	elivingstonefn@ucoz.com	Female	84 Jenifer Point
565	Skipp	Linfield	slinfieldfo@gizmodo.com	Male	0894 Bunker Hill Street
566	Cloris	Denekamp	cdenekampfp@usgs.gov	Female	062 Lakewood Gardens Place
567	Correy	Rosie	crosiefq@senate.gov	Female	267 Pawling Plaza
568	Britt	Audsley	baudsleyfr@prlog.org	Male	5 Vahlen Street
569	Mariejeanne	Sellors	msellorsfs@amazon.de	Female	700 Melvin Parkway
570	Jasmin	Howling	jhowlingft@hud.gov	Female	54 Maple Circle
571	Maddie	Chiverton	mchivertonfu@discuz.net	Male	68 Bartelt Terrace
572	Sandor	Waldock	swaldockfv@mozilla.org	Male	10 Mesta Pass
573	Nissy	Korlat	nkorlatfw@flavors.me	Female	041 Coolidge Lane
574	Corrianne	Mannooch	cmannoochfx@dedecms.com	Female	00036 Bay Road
575	Denys	Fidoe	dfidoefy@theguardian.com	Female	4 Kensington Point
576	Gerrie	Itzik	gitzikfz@unesco.org	Female	6436 Helena Court
577	Darin	Kiraly	dkiralyg0@gmpg.org	Male	5002 1st Road
578	Nikki	Norcott	nnorcottg1@walmart.com	Female	42 Farwell Court
579	Jarib	Cosley	jcosleyg2@fotki.com	Male	742 Grayhawk Crossing
580	Twyla	Crose	tcroseg3@google.fr	Female	4202 Judy Lane
581	Donica	Borham	dborhamg4@springer.com	Female	728 Texas Park
582	Kliment	Lumsdall	klumsdallg5@npr.org	Male	1867 Mesta Street
583	Stern	Ponceford	sponcefordg6@wp.com	Male	69 Artisan Avenue
584	Avram	Fetherstone	afetherstoneg7@spotify.com	Male	91437 Old Shore Junction
585	Ermengarde	Garfitt	egarfittg8@bigcartel.com	Female	5 Eastlawn Drive
586	Sherwynd	Aubrey	saubreyg9@webnode.com	Male	0967 Hermina Terrace
587	Monroe	Cadreman	mcadremanga@boston.com	Male	74 Kings Park
588	Abraham	Danniell	adanniellgb@mapquest.com	Male	60 Graceland Alley
589	Julianne	Garett	jgarettgc@wufoo.com	Female	91741 Morning Drive
590	Dexter	Paprotny	dpaprotnygd@is.gd	Male	8 Moland Alley
591	Kylen	Weavill	kweavillge@rakuten.co.jp	Female	8402 Texas Plaza
592	Marney	Mixhel	mmixhelgf@oracle.com	Female	86 8th Way
593	Maynard	Dimmick	mdimmickgg@latimes.com	Male	3445 Jenna Drive
594	Teodora	Muckle	tmucklegh@disqus.com	Female	2 5th Circle
595	Danit	Puttan	dputtangi@is.gd	Female	5750 Sommers Terrace
596	Arlinda	Kemwall	akemwallgj@twitter.com	Female	44454 Waxwing Lane
597	Gary	Pedrozzi	gpedrozzigk@wikispaces.com	Male	58 Delaware Alley
598	Natassia	Celli	ncelligl@bigcartel.com	Female	67105 Randy Avenue
599	Abner	Simmell	asimmellgm@blog.com	Male	7246 Amoth Point
600	Lani	Vasic	lvasicgn@huffingtonpost.com	Female	182 Dixon Street
601	Sandor	Boatswain	sboatswaingo@nsw.gov.au	Male	0831 Mcbride Pass
602	Tuck	Symes	tsymesgp@github.io	Male	130 Farragut Way
603	Wanda	Caslake	wcaslakegq@un.org	Female	01897 Lakewood Hill
604	Carter	Coate	ccoategr@wikispaces.com	Male	02 3rd Center
605	Ralina	Ayres	rayresgs@shinystat.com	Female	8926 Oxford Court
606	Belia	Lea	bleagt@posterous.com	Female	4898 Wayridge Plaza
607	Doralyn	Brewer	dbrewergu@intel.com	Female	292 Oriole Circle
608	Carney	Nelane	cnelanegv@artisteer.com	Male	15 Kim Crossing
609	Shepperd	Adlington	sadlingtongw@gnu.org	Male	8 Merchant Court
610	Wylie	Elven	welvengx@blinklist.com	Male	4745 Gina Street
611	Langston	Tofano	ltofanogy@berkeley.edu	Male	4904 Arapahoe Crossing
612	Leoline	Adrienne	ladriennegz@a8.net	Female	14425 Toban Street
613	Carma	Kiffin	ckiffinh0@ebay.co.uk	Female	64849 School Point
614	Mohandis	Sage	msageh1@hubpages.com	Male	10 Merry Trail
615	Berta	Robbel	brobbelh2@freewebs.com	Female	4 Crownhardt Center
616	Creigh	Beevis	cbeevish3@sbwire.com	Male	488 Gerald Avenue
617	Ario	Bellino	abellinoh4@imgur.com	Male	5 Kings Circle
618	Foster	Vennings	fvenningsh5@ucoz.com	Male	645 East Street
619	Gaston	Matthius	gmatthiush6@cocolog-nifty.com	Male	7923 Schurz Lane
620	Dimitry	Keay	dkeayh7@ted.com	Male	3 Gina Point
621	Briano	Sirkett	bsirketth8@oracle.com	Male	2 Bartelt Crossing
622	Nat	Hawley	nhawleyh9@slate.com	Male	0 Aberg Road
623	Heriberto	Bauman	hbaumanha@amazon.co.uk	Male	6877 Mendota Park
624	Nicolai	Cuncarr	ncuncarrhb@skyrock.com	Male	9 Clemons Place
625	Eldridge	Patel	epatelhc@technorati.com	Male	62952 Carioca Way
626	Enrico	Quantrell	equantrellhd@seesaa.net	Male	43101 Hoard Parkway
627	Munroe	Heffy	mheffyhe@springer.com	Male	485 Schmedeman Parkway
628	Lucie	Mosby	lmosbyhf@examiner.com	Female	2 Trailsway Court
629	Jacky	Caldeyroux	jcaldeyrouxhg@soup.io	Female	42 Orin Court
630	Gill	Basil	gbasilhh@mac.com	Female	12 Sutherland Junction
631	Alec	Deeks	adeekshi@cnbc.com	Male	4 Stone Corner Drive
632	Lenna	Ganderton	lgandertonhj@redcross.org	Female	09 Norway Maple Junction
633	Genni	Belson	gbelsonhk@plala.or.jp	Female	2791 Pierstorff Terrace
634	Iago	Spurden	ispurdenhl@arstechnica.com	Male	270 Loftsgordon Court
635	Konstantine	Haseman	khasemanhm@ehow.com	Male	30291 Farwell Trail
636	Washington	O'Neal	wonealhn@mail.ru	Male	2 Crownhardt Junction
637	Johnathon	Hookes	jhookesho@yahoo.com	Male	0 Pankratz Lane
638	Roanne	Stanyon	rstanyonhp@slate.com	Female	796 Rusk Pass
639	Sibley	Whordley	swhordleyhq@scientificamerican.com	Female	892 Elka Pass
640	Berthe	Deniset	bdenisethr@nature.com	Female	5151 Continental Plaza
641	Tammara	De Metz	tdemetzhs@ucsd.edu	Female	7 Ronald Regan Parkway
642	Andi	Janodet	ajanodetht@so-net.ne.jp	Female	83 Fieldstone Plaza
643	Cristi	Sharphurst	csharphursthu@google.com	Female	53 Pepper Wood Alley
644	Imogene	Milstead	imilsteadhv@google.de	Female	41751 Manley Road
645	Gizela	Benne	gbennehw@mashable.com	Female	2172 Waywood Crossing
646	Dallon	Ramsbotham	dramsbothamhx@deliciousdays.com	Male	5 Bultman Hill
647	Isak	Gabits	igabitshy@webmd.com	Male	7 Hoepker Court
648	Tommie	Roadnight	troadnighthz@bing.com	Female	5940 Anniversary Avenue
649	Jackqueline	Simonazzi	jsimonazzii0@hc360.com	Female	6097 Judy Parkway
650	April	Gettings	agettingsi1@scribd.com	Female	80 International Way
651	Donaugh	Tomson	dtomsoni2@artisteer.com	Male	47448 Huxley Trail
652	Roch	Muselli	rmusellii3@nyu.edu	Female	87599 Sherman Park
653	Rik	Abramowsky	rabramowskyi4@umich.edu	Male	41659 Warrior Park
654	Murdock	Sorey	msoreyi5@buzzfeed.com	Male	5480 Hauk Park
655	La verne	Shrimplin	lshrimplini6@cbsnews.com	Female	2 Dawn Pass
656	Brandais	McSpirron	bmcspirroni7@skyrock.com	Female	09719 Hoffman Lane
657	Geno	Clerke	gclerkei8@sciencedaily.com	Male	38084 Brown Plaza
658	Camey	Prickett	cpricketti9@jugem.jp	Male	82 Haas Street
659	Bernard	MacIver	bmaciveria@wix.com	Male	9 Homewood Avenue
660	Alverta	Duncanson	aduncansonib@networksolutions.com	Female	31566 Meadow Valley Road
661	Kirsten	Aers	kaersic@si.edu	Female	24214 Washington Street
662	Brandi	Bontine	bbontineid@twitpic.com	Female	86 Prairieview Alley
663	Cullan	Rechert	crechertie@usda.gov	Male	2052 Montana Pass
664	Roderic	Antonias	rantoniasif@barnesandnoble.com	Male	9190 Paget Avenue
665	Quinn	Richten	qrichtenig@nydailynews.com	Female	316 Bay Way
666	Jasen	Goulthorp	jgoulthorpih@theguardian.com	Male	54433 Forest Run Alley
667	Georgy	Abramson	gabramsonii@lulu.com	Male	20895 Arapahoe Park
668	Isiahi	Bates	ibatesij@ucla.edu	Male	03754 Bobwhite Park
669	Leonidas	Benza	lbenzaik@about.com	Male	07 Raven Trail
670	Stanfield	Fillgate	sfillgateil@networkadvertising.org	Male	72 Steensland Crossing
671	Rycca	Dennerly	rdennerlyim@wikispaces.com	Female	19 Clove Pass
672	Nels	Cregin	ncreginin@mtv.com	Male	577 Myrtle Place
673	Dalis	Pietrowicz	dpietrowiczio@amazon.co.uk	Male	491 Ridgeway Trail
674	Caryl	Najera	cnajeraip@biglobe.ne.jp	Male	230 Nevada Alley
675	Kylynn	Suttill	ksuttilliq@google.ru	Female	75 Amoth Way
676	Dalt	Collingworth	dcollingworthir@histats.com	Male	97466 Sachtjen Avenue
677	Alick	Rosingdall	arosingdallis@eepurl.com	Male	79 Springs Point
678	Adamo	Moreinu	amoreinuit@narod.ru	Male	1693 Loeprich Road
679	Emmit	Episcopi	eepiscopiiu@shop-pro.jp	Male	7673 Myrtle Crossing
680	Chrotoem	Attwell	cattwelliv@earthlink.net	Male	12937 Kensington Drive
681	Gleda	Whife	gwhifeiw@tamu.edu	Female	35 Valley Edge Junction
682	Abby	Wall	awallix@yellowbook.com	Female	4 Eagle Crest Park
683	Rosabel	Wileman	rwilemaniy@bbb.org	Female	39 Sherman Parkway
684	Darrelle	O'Leahy	doleahyiz@mayoclinic.com	Female	72 Hermina Alley
685	Caritta	Jaukovic	cjaukovicj0@ehow.com	Female	7346 Heffernan Junction
686	Darline	McKiernan	dmckiernanj1@mayoclinic.com	Female	69 Ronald Regan Drive
687	Molli	Gerbel	mgerbelj2@infoseek.co.jp	Female	460 Bonner Avenue
688	Regan	Firpo	rfirpoj3@opera.com	Male	20 Cherokee Hill
689	Brenda	Brugsma	bbrugsmaj4@abc.net.au	Female	93051 Shelley Lane
690	Chickie	Crisford	ccrisfordj5@yahoo.co.jp	Male	6 Walton Pass
691	Viki	Marunchak	vmarunchakj6@barnesandnoble.com	Female	16 Kedzie Pass
692	Urban	Rubinek	urubinekj7@irs.gov	Male	9956 Heffernan Drive
693	Marv	Spackman	mspackmanj8@foxnews.com	Male	9452 Briar Crest Plaza
694	Xylina	Attyeo	xattyeoj9@over-blog.com	Female	35 Lukken Drive
695	Guillema	Rickett	grickettja@prnewswire.com	Female	17514 Blue Bill Park Trail
696	Johnnie	Storre	jstorrejb@histats.com	Male	771 Packers Lane
697	Honey	Hegges	hheggesjc@amazon.de	Female	75 Aberg Lane
698	Jamie	Shrubsall	jshrubsalljd@wisc.edu	Male	3191 Trailsway Place
699	Georgetta	Mackneis	gmackneisje@freewebs.com	Female	4839 Hoard Parkway
700	Raddy	Messham	rmesshamjf@gov.uk	Male	405 Rieder Circle
701	Channa	Forsdicke	cforsdickejg@liveinternet.ru	Female	2389 Express Drive
702	Kelvin	Cunde	kcundejh@nps.gov	Male	76272 Fieldstone Court
703	Cody	Rubin	crubinji@tinyurl.com	Female	20 Autumn Leaf Parkway
704	Fawne	Tetther	ftettherjj@webnode.com	Female	2 Schiller Lane
705	Domingo	Harrigan	dharriganjk@spiegel.de	Male	54387 Dorton Terrace
706	See	Billingsly	sbillingslyjl@admin.ch	Male	4953 Parkside Hill
707	Klement	Rupert	krupertjm@a8.net	Male	8 Dapin Terrace
708	Sabina	Clementi	sclementijn@blogtalkradio.com	Female	602 Mallory Center
709	Buffy	Slane	bslanejo@vinaora.com	Female	358 Hagan Circle
710	Erina	McGilvary	emcgilvaryjp@flavors.me	Female	14008 Hoard Parkway
711	Lonnard	Gencke	lgenckejq@spiegel.de	Male	76558 Lindbergh Center
712	Joelynn	Deignan	jdeignanjr@dailymotion.com	Female	1 Upham Drive
713	Nonie	Gurwood	ngurwoodjs@geocities.com	Female	8513 Kropf Hill
714	Jody	Jeandot	jjeandotjt@examiner.com	Female	812 Brown Road
715	Van	Adne	vadneju@smh.com.au	Male	0033 Killdeer Hill
716	Isa	Mitrikhin	imitrikhinjv@odnoklassniki.ru	Male	9922 Briar Crest Drive
717	Fifine	Chiommienti	fchiommientijw@wired.com	Female	357 American Ash Road
718	Hilary	Beak	hbeakjx@fotki.com	Female	96483 Bowman Center
719	Freddie	Normanell	fnormanelljy@rediff.com	Female	64677 Swallow Park
720	Klemens	Barrett	kbarrettjz@blinklist.com	Male	6691 Elka Trail
721	Blithe	Ellsworthe	bellsworthek0@hp.com	Female	9 Scofield Terrace
722	Chrissy	Brumpton	cbrumptonk1@cloudflare.com	Female	46921 Manitowish Terrace
723	Mora	Skellington	mskellingtonk2@comcast.net	Female	50 Ramsey Court
724	Bendite	Tilston	btilstonk3@va.gov	Female	4429 Independence Hill
725	Manuel	Wiley	mwileyk4@w3.org	Male	144 Lighthouse Bay Point
726	Cornall	MacDowal	cmacdowalk5@hugedomains.com	Male	2921 Brown Way
727	Brunhilda	Edlington	bedlingtonk6@ted.com	Female	21 Kim Circle
728	Pepillo	Krug	pkrugk7@answers.com	Male	4 Green Center
729	Felipe	Everit	feveritk8@opensource.org	Male	6 Sauthoff Pass
730	Aurie	Garraway	agarrawayk9@over-blog.com	Female	9921 Nancy Circle
731	Royce	Escalante	rescalanteka@pcworld.com	Male	8602 Sullivan Park
732	Barnett	Szymon	bszymonkb@ehow.com	Male	54620 Merrick Park
733	Gilberte	Corsan	gcorsankc@studiopress.com	Female	469 Bartelt Place
734	Lemmie	Pellissier	lpellissierkd@twitter.com	Male	301 Burrows Avenue
735	Kelsey	Bunch	kbunchke@va.gov	Female	52 Garrison Lane
736	Wilone	Flescher	wflescherkf@dot.gov	Female	792 Florence Place
737	Aguistin	Wilstead	awilsteadkg@abc.net.au	Male	266 Mayer Trail
738	Darcy	Cottie	dcottiekh@flavors.me	Male	4535 Kropf Place
739	Avery	Karppi	akarppiki@opensource.org	Male	6833 Hansons Court
740	Malachi	Pinniger	mpinnigerkj@altervista.org	Male	4155 Blue Bill Park Pass
741	Mable	Leipold	mleipoldkk@bizjournals.com	Female	69508 School Court
742	Gretta	Vint	gvintkl@vistaprint.com	Female	08364 Farwell Junction
743	Sloane	Krier	skrierkm@state.tx.us	Male	15389 Colorado Drive
744	Astrid	Pischoff	apischoffkn@about.com	Female	96239 Leroy Point
745	Julie	Martusewicz	jmartusewiczko@mlb.com	Female	529 Lien Avenue
746	Alysa	Knifton	akniftonkp@jugem.jp	Female	7717 Farragut Circle
747	Jillene	Edlington	jedlingtonkq@opensource.org	Female	3 Spaight Junction
748	Westley	Bauduccio	wbauducciokr@apple.com	Male	4 Moose Drive
749	Florence	McOrkil	fmcorkilks@github.com	Female	7 Gina Center
750	Shari	Wyllie	swylliekt@nyu.edu	Female	50544 Gina Terrace
751	Eddi	Parke	eparkeku@webmd.com	Female	3 Morrow Trail
752	Tana	January	tjanuarykv@si.edu	Female	1572 Declaration Drive
753	Zebulen	Squires	zsquireskw@dyndns.org	Male	36 Derek Road
754	Marline	Haldane	mhaldanekx@addtoany.com	Female	87149 American Ash Trail
755	Aurthur	Spens	aspensky@wp.com	Male	52647 8th Pass
756	Ancell	Cruttenden	acruttendenkz@alexa.com	Male	6577 Sunnyside Plaza
757	Lockwood	Collocott	lcollocottl0@a8.net	Male	34943 Valley Edge Junction
758	Mariana	Morefield	mmorefieldl1@census.gov	Female	77 Coolidge Pass
759	Owen	Whatham	owhathaml2@uol.com.br	Male	962 Rockefeller Hill
760	Gaye	Crayker	gcraykerl3@tiny.cc	Female	34750 Doe Crossing Road
761	Leonardo	Wharin	lwharinl4@mlb.com	Male	49916 Hagan Street
762	Hannah	Terrington	hterringtonl5@sina.com.cn	Female	3751 Boyd Court
763	Tad	Kurten	tkurtenl6@pbs.org	Male	8 Bay Crossing
764	Deonne	Strettle	dstrettlel7@biblegateway.com	Female	04215 Jenifer Court
765	Briney	Burcombe	bburcombel8@cocolog-nifty.com	Female	25118 Fairview Hill
766	Enrika	Seys	eseysl9@opensource.org	Female	576 Jenna Trail
767	Cornelia	Laverock	claverockla@google.nl	Female	0 Florence Circle
768	Ham	Silverman	hsilvermanlb@1und1.de	Male	2 Bonner Place
769	Dedra	Dawdary	ddawdarylc@narod.ru	Female	23 High Crossing Place
770	Rayner	Kerwood	rkerwoodld@pinterest.com	Male	05633 Florence Plaza
771	Jeremiah	Monksfield	jmonksfieldle@blog.com	Male	31111 Prairie Rose Street
772	Bridgette	Ebertz	bebertzlf@sphinn.com	Female	0 Loftsgordon Park
773	Jard	Tramel	jtramellg@clickbank.net	Male	7523 Mcguire Crossing
774	Jodi	Nys	jnyslh@ebay.com	Male	81546 Elmside Lane
775	Avrit	Jedrzaszkiewicz	ajedrzaszkiewiczli@youtube.com	Female	26 Sauthoff Way
776	Zara	Popping	zpoppinglj@theguardian.com	Female	7643 Rusk Center
777	Alisun	Carhart	acarhartlk@cyberchimps.com	Female	1 Texas Place
778	Torrin	Sannes	tsannesll@mapy.cz	Male	49 Ryan Circle
779	Zitella	Moogan	zmooganlm@spiegel.de	Female	60 Bartelt Plaza
780	Rona	Glide	rglideln@cisco.com	Female	507 Forest Dale Drive
781	Claudio	Gai	cgailo@t-online.de	Male	34077 Fremont Point
782	Alfredo	Brocket	abrocketlp@hostgator.com	Male	7 Fremont Point
783	Irma	Bonick	ibonicklq@youku.com	Female	80 Victoria Pass
784	Deeann	Gipp	dgipplr@51.la	Female	79990 Knutson Lane
785	Vinita	Wooff	vwooffls@accuweather.com	Female	0116 Memorial Terrace
786	Aland	Gages	agageslt@discovery.com	Male	6 Bartillon Hill
787	Borg	Cellier	bcellierlu@thetimes.co.uk	Male	609 Hagan Park
788	Morrie	Wileman	mwilemanlv@tmall.com	Male	2 Express Plaza
789	Keely	Chatburn	kchatburnlw@merriam-webster.com	Female	1 Hagan Park
790	Karlik	Glastonbury	kglastonburylx@bing.com	Male	8 Mayer Point
791	Lovell	Allnutt	lallnuttly@nsw.gov.au	Male	7 Mcbride Pass
792	Angelique	Witt	awittlz@seesaa.net	Female	81 Larry Avenue
793	Georgie	Drinkhill	gdrinkhillm0@nytimes.com	Male	694 Gateway Road
794	Jordana	Scrace	jscracem1@biglobe.ne.jp	Female	7229 Rutledge Way
795	Kile	Toll	ktollm2@google.cn	Male	3 Derek Circle
796	Shamus	Kowal	skowalm3@cyberchimps.com	Male	8 Donald Drive
797	Henryetta	Woehler	hwoehlerm4@gov.uk	Female	97979 Victoria Road
798	Gwendolen	Aaronsohn	gaaronsohnm5@columbia.edu	Female	844 Clarendon Trail
799	Reade	Paulusch	rpauluschm6@pen.io	Male	1 Oak Court
800	Eldin	Poinsett	epoinsettm7@rambler.ru	Male	00840 Declaration Pass
801	Charil	Sherrell	csherrellm8@nature.com	Female	8 School Road
802	Bondy	Windmill	bwindmillm9@marketwatch.com	Male	714 Oakridge Lane
803	Kathryn	Brannigan	kbranniganma@sogou.com	Female	38596 Crescent Oaks Drive
804	Nettle	O'Keevan	nokeevanmb@surveymonkey.com	Female	3826 Annamark Terrace
805	Gates	Dobell	gdobellmc@answers.com	Female	2847 Harper Plaza
806	Alys	Speer	aspeermd@feedburner.com	Female	78668 Kim Road
807	Derby	Scanderet	dscanderetme@sina.com.cn	Male	0 Ilene Park
808	Emmett	Robson	erobsonmf@canalblog.com	Male	8419 Warner Place
809	Giordano	Tittletross	gtittletrossmg@google.co.uk	Male	374 Linden Crossing
810	Ddene	Agron	dagronmh@buzzfeed.com	Female	2760 Farmco Way
811	Bonni	Tanswill	btanswillmi@gravatar.com	Female	4 Artisan Terrace
812	Nev	Malletratt	nmalletrattmj@csmonitor.com	Male	216 Hallows Alley
813	Linus	Sharma	lsharmamk@wikia.com	Male	69386 Buhler Drive
814	Nora	Ketts	nkettsml@pagesperso-orange.fr	Female	43118 Graedel Parkway
815	Desmund	McGahern	dmcgahernmm@hostgator.com	Male	6 2nd Drive
816	Lemuel	Rechert	lrechertmn@arstechnica.com	Male	510 Marquette Parkway
817	Shoshanna	Simonassi	ssimonassimo@scribd.com	Female	95843 Lakewood Hill
818	Angy	Bartosik	abartosikmp@nifty.com	Female	7 Sutteridge Pass
819	Franklin	Gatling	fgatlingmq@twitpic.com	Male	6 Rieder Drive
820	Osborn	Kohter	okohtermr@redcross.org	Male	837 Rowland Hill
821	Val	Hexham	vhexhamms@omniture.com	Female	675 Thackeray Avenue
822	Jami	Anthes	janthesmt@biglobe.ne.jp	Female	28 Tomscot Circle
823	Margarette	Ragg	mraggmu@photobucket.com	Female	1 Novick Drive
824	Estell	Blundon	eblundonmv@wired.com	Female	79 Doe Crossing Circle
825	Henderson	Umpleby	humplebymw@bravesites.com	Male	4895 Burning Wood Hill
826	Evelina	Acosta	eacostamx@sogou.com	Female	956 Sutherland Park
827	Foss	Dalley	fdalleymy@dot.gov	Male	74604 Oneill Junction
828	Ulrika	Crighten	ucrightenmz@google.com	Female	6454 Golf View Place
829	Giuditta	Diviny	gdivinyn0@skype.com	Female	1 Reindahl Court
830	Molli	Keuning	mkeuningn1@wix.com	Female	4071 Clyde Gallagher Point
831	Ashly	MacLachlan	amaclachlann2@deliciousdays.com	Female	3 Kedzie Center
832	Keefe	Beeby	kbeebyn3@arstechnica.com	Male	88 Graceland Court
833	Cornell	Macek	cmacekn4@telegraph.co.uk	Male	98851 Mitchell Pass
834	Kym	Lamond	klamondn5@ocn.ne.jp	Female	90727 Eagan Way
835	Helen	Diegan	hdiegann6@dagondesign.com	Female	51 Jana Place
836	Carlie	Padefield	cpadefieldn7@imageshack.us	Male	3650 Toban Plaza
837	Boony	MacGown	bmacgownn8@mozilla.org	Male	9250 Superior Pass
838	Muire	Kirk	mkirkn9@theglobeandmail.com	Female	3 Leroy Lane
839	Charlotte	Wisker	cwiskerna@si.edu	Female	305 Corben Park
840	Bathsheba	Groneway	bgronewaynb@friendfeed.com	Female	0270 Ohio Parkway
841	Gilemette	MacDonnell	gmacdonnellnc@parallels.com	Female	75520 Dawn Point
842	Dodie	Luciano	dlucianond@loc.gov	Female	8 Lerdahl Point
843	Tillie	Nevinson	tnevinsonne@abc.net.au	Female	63 Crescent Oaks Place
844	Forrest	Greatland	fgreatlandnf@huffingtonpost.com	Male	539 Mifflin Point
845	Konrad	Tointon	ktointonng@ucsd.edu	Male	54 Dunning Way
846	Fair	Kneale	fknealenh@sakura.ne.jp	Male	28207 Sunfield Point
847	Tymothy	Koeppke	tkoeppkeni@illinois.edu	Male	2164 Bellgrove Place
848	Derward	Andrzejczak	dandrzejczaknj@blinklist.com	Male	9559 Southridge Avenue
849	Mehetabel	Houlahan	mhoulahannk@accuweather.com	Female	68 Graedel Center
850	Sarah	Crocetto	scrocettonl@geocities.jp	Female	99231 Meadow Vale Crossing
851	Grayce	Levicount	glevicountnm@is.gd	Female	509 4th Parkway
852	Ervin	Blenkharn	eblenkharnnn@php.net	Male	2 Tennyson Court
853	Hillary	Mease	hmeaseno@ebay.co.uk	Female	2 Shelley Drive
854	Eadie	Mates	ematesnp@sakura.ne.jp	Female	3 Westridge Plaza
855	Robena	Blaske	rblaskenq@amazon.de	Female	4724 4th Point
856	Nerte	Blaise	nblaisenr@cnn.com	Female	2536 Sauthoff Lane
857	Adrienne	Sier	asierns@hatena.ne.jp	Female	56 Forest Dale Crossing
858	Jordana	Mawtus	jmawtusnt@ibm.com	Female	23 Lakeland Way
859	Hewitt	Blasgen	hblasgennu@npr.org	Male	5 Mendota Park
860	Isabelle	Bartolozzi	ibartolozzinv@gov.uk	Female	06227 Gulseth Junction
861	Terri	Lancaster	tlancasternw@seattletimes.com	Female	1632 Shasta Circle
862	Barret	Kevane	bkevanenx@google.com.hk	Male	0370 Sachtjen Place
863	Desdemona	Fontell	dfontellny@telegraph.co.uk	Female	27 Eagle Crest Court
864	Darell	Carbert	dcarbertnz@boston.com	Female	046 Corry Road
865	Allyce	Adderley	aadderleyo0@stanford.edu	Female	84 Homewood Point
866	Aldridge	Gaynsford	agaynsfordo1@taobao.com	Male	5 Fisk Plaza
867	Spense	Piscotti	spiscottio2@squarespace.com	Male	94844 Nevada Pass
868	Dorene	Ormrod	dormrodo3@blinklist.com	Female	3048 Schiller Way
869	Illa	Chaim	ichaimo4@wired.com	Female	55 7th Trail
870	Bucky	Mouan	bmouano5@shareasale.com	Male	8 Buell Alley
871	Romonda	Catt	rcatto6@dot.gov	Female	875 Onsgard Court
872	Teodoor	Livett	tlivetto7@canalblog.com	Male	33282 8th Road
873	Corbin	Dionisii	cdionisiio8@home.pl	Male	14 Elka Lane
874	Bradford	Duthy	bduthyo9@liveinternet.ru	Male	773 Merry Place
875	Tasia	Polglaze	tpolglazeoa@wisc.edu	Female	358 Derek Crossing
876	Carina	Raft	craftob@smugmug.com	Female	68 Reindahl Plaza
877	Justine	Hessle	jhessleoc@tripod.com	Female	377 Autumn Leaf Crossing
878	Rutledge	Saywood	rsaywoodod@fastcompany.com	Male	8 Susan Crossing
879	Merla	Rudeyeard	mrudeyeardoe@opera.com	Female	550 Barby Place
880	Claybourne	Janowicz	cjanowiczof@cnet.com	Male	50 Jana Lane
881	Kendricks	Towse	ktowseog@artisteer.com	Male	50701 Arrowood Terrace
882	Jacob	Codi	jcodioh@ed.gov	Male	12 Union Parkway
883	Worthy	Load	wloadoi@buzzfeed.com	Male	74990 Pine View Park
884	Jeremy	Riste	jristeoj@sogou.com	Male	47 Lerdahl Circle
885	Donnell	Khristoforov	dkhristoforovok@nydailynews.com	Male	98633 Loeprich Hill
886	Herve	Bearfoot	hbearfootol@ask.com	Male	2865 Vahlen Place
887	Weston	Tobias	wtobiasom@purevolume.com	Male	0 Bultman Hill
888	Carmina	Van Dalen	cvandalenon@toplist.cz	Female	7 Novick Terrace
889	Ruperta	Bazeley	rbazeleyoo@google.nl	Female	4711 Declaration Drive
890	Brad	Klulik	bklulikop@trellian.com	Male	04996 Melrose Trail
891	Roxine	Mushart	rmushartoq@issuu.com	Female	7312 6th Center
892	Kristopher	Dovington	kdovingtonor@adobe.com	Male	7654 Brentwood Park
893	Valentine	Pirelli	vpirellios@cargocollective.com	Male	80138 Granby Plaza
894	Winnah	Dunan	wdunanot@icq.com	Female	59 Schlimgen Trail
895	Marnie	Bapty	mbaptyou@w3.org	Female	57325 Dakota Junction
896	Samuel	Richten	srichtenov@myspace.com	Male	4680 Westend Court
897	Em	Loades	eloadesow@booking.com	Female	8 International Circle
898	Channa	Estevez	cestevezox@uiuc.edu	Female	3 Fairfield Place
899	Aksel	Cheng	achengoy@cnet.com	Male	9202 International Pass
900	Lesya	Domican	ldomicanoz@nature.com	Female	671 Clarendon Pass
901	Agathe	Ciardo	aciardop0@ftc.gov	Female	690 Spaight Center
902	Hanny	Penna	hpennap1@dropbox.com	Female	25664 Mosinee Crossing
903	Godiva	Bartod	gbartodp2@thetimes.co.uk	Female	2614 Calypso Parkway
904	Carree	Hucke	chuckep3@photobucket.com	Female	77 Barby Street
905	Thaine	Ogers	togersp4@huffingtonpost.com	Male	4 Old Shore Plaza
906	Monty	Stronach	mstronachp5@behance.net	Male	68659 Arrowood Drive
907	Florry	Strute	fstrutep6@google.cn	Female	5 Fallview Circle
908	Karoline	Annett	kannettp7@hp.com	Female	270 Milwaukee Park
909	Cly	Juggings	cjuggingsp8@123-reg.co.uk	Male	55 Express Road
910	Gay	Davson	gdavsonp9@amazonaws.com	Male	59423 Erie Park
911	Murial	McNicol	mmcnicolpa@google.fr	Female	7775 Packers Parkway
912	Ernie	Nawton	enawtonpb@theglobeandmail.com	Male	0 Amoth Pass
913	Charles	Thirlwell	cthirlwellpc@tinyurl.com	Male	7 Oriole Street
914	Cherlyn	MacClure	cmacclurepd@pen.io	Female	1 Bartillon Terrace
915	Rosamond	Butterley	rbutterleype@wp.com	Female	329 Mayer Point
916	Art	Sweedland	asweedlandpf@aboutads.info	Male	32266 Sachs Road
917	Colby	MacScherie	cmacscheriepg@mysql.com	Male	4 Moland Place
918	Elisha	Dalliwater	edalliwaterph@geocities.com	Female	83585 Cardinal Pass
919	Eva	Bonellie	ebonelliepi@edublogs.org	Female	9 Ohio Drive
920	Lin	Orthmann	lorthmannpj@seesaa.net	Male	746 Northridge Junction
921	Saloma	Dolle	sdollepk@naver.com	Female	8870 Schlimgen Pass
922	Ronni	Cammocke	rcammockepl@theglobeandmail.com	Female	3138 Service Place
923	Ashton	Bredbury	abredburypm@drupal.org	Male	248 Ohio Pass
924	Emmey	Wein	eweinpn@constantcontact.com	Female	5 Thompson Terrace
925	Wang	Rubinowitsch	wrubinowitschpo@arizona.edu	Male	59 Northland Junction
926	Molly	Zincke	mzinckepp@wikimedia.org	Female	1 Dunning Way
927	Cindelyn	Thonger	cthongerpq@hao123.com	Female	089 Mariners Cove Court
928	Ellissa	Kennford	ekennfordpr@state.gov	Female	8475 Clarendon Trail
929	Flint	Joist	fjoistps@scientificamerican.com	Male	9 Roxbury Drive
930	Rosalynd	Brewett	rbrewettpt@yelp.com	Female	55 Cottonwood Parkway
931	Bartholomeus	Plose	bplosepu@plala.or.jp	Male	40 Gateway Pass
932	Lou	Poulsen	lpoulsenpv@boston.com	Male	568 Pine View Circle
933	Belvia	Marnes	bmarnespw@bloglines.com	Female	42148 Arizona Point
934	Dall	Frantzen	dfrantzenpx@sina.com.cn	Male	13071 American Ash Alley
935	Ira	Dunne	idunnepy@tiny.cc	Male	447 Maryland Court
936	Robinett	Adamson	radamsonpz@elegantthemes.com	Female	899 Schurz Road
937	Zaccaria	Ketchaside	zketchasideq0@nymag.com	Male	186 Hazelcrest Trail
938	Charles	Rowan	crowanq1@taobao.com	Male	22597 Hooker Street
939	Elden	Siemons	esiemonsq2@irs.gov	Male	65484 Dayton Circle
940	Araldo	Gonzales	agonzalesq3@uol.com.br	Male	6 Randy Parkway
941	Paco	Weddeburn	pweddeburnq4@hp.com	Male	6 Sauthoff Avenue
942	Bondy	Meagh	bmeaghq5@blog.com	Male	94948 Merry Point
943	Korney	Teague	kteagueq6@cbsnews.com	Female	7731 Longview Court
944	Frederico	Westhofer	fwesthoferq7@behance.net	Male	66 Badeau Center
945	Jens	Hambers	jhambersq8@huffingtonpost.com	Male	44249 Johnson Junction
946	Chelsea	Scambler	cscamblerq9@biglobe.ne.jp	Female	32057 Homewood Street
947	Ketty	Sprowles	ksprowlesqa@bbc.co.uk	Female	06528 Eastlawn Trail
948	Camilla	Delete	cdeleteqb@bizjournals.com	Female	3601 Magdeline Place
949	Camala	Churn	cchurnqc@reverbnation.com	Female	826 Victoria Point
950	Kinny	Lente	klenteqd@nifty.com	Male	3212 Hazelcrest Junction
951	Wyatan	Beaglehole	wbeagleholeqe@cnet.com	Male	1 Golf View Place
952	Basilius	Twamley	btwamleyqf@histats.com	Male	99865 Dawn Street
953	Ruthanne	Danit	rdanitqg@posterous.com	Female	8692 Raven Alley
954	Row	Ranby	rranbyqh@opensource.org	Female	527 Melody Court
955	Jeffry	Beller	jbellerqi@go.com	Male	95200 Jana Junction
956	Celia	Dobbinson	cdobbinsonqj@163.com	Female	3 Bluestem Avenue
957	Laina	McJury	lmcjuryqk@latimes.com	Female	01711 Kipling Park
958	Brett	Agge	baggeql@bigcartel.com	Male	079 Butternut Drive
959	Hyacintha	Ashley	hashleyqm@flickr.com	Female	6016 Mallory Lane
960	Bar	Lovelady	bloveladyqn@homestead.com	Male	6147 Prairie Rose Point
961	Marlie	Happel	mhappelqo@trellian.com	Female	9 Magdeline Lane
962	Rudolf	Caves	rcavesqp@creativecommons.org	Male	9 Sherman Pass
963	Mackenzie	Deek	mdeekqq@privacy.gov.au	Male	7940 Sheridan Court
964	Bamby	Pellant	bpellantqr@shinystat.com	Female	9 Warbler Terrace
965	Stormi	Marchant	smarchantqs@shutterfly.com	Female	273 Karstens Place
966	Danya	Dobrovolski	ddobrovolskiqt@uiuc.edu	Female	4996 Lunder Point
967	Basile	Ionn	bionnqu@amazon.com	Male	52 Heath Street
968	Herbie	Cornewall	hcornewallqv@weebly.com	Male	91113 Surrey Avenue
969	Brianna	Jamrowicz	bjamrowiczqw@army.mil	Female	92883 Dennis Circle
970	Christoffer	Yarrow	cyarrowqx@techcrunch.com	Male	223 Hermina Street
971	Connie	Dillintone	cdillintoneqy@alibaba.com	Male	748 Sundown Way
972	Jacklyn	Ventham	jventhamqz@t.co	Female	29155 Bashford Avenue
973	Candie	Farre	cfarrer0@newyorker.com	Female	9295 Parkside Parkway
974	Florri	Garrelts	fgarreltsr1@cbslocal.com	Female	7183 Mandrake Alley
975	Bayard	Yielding	byieldingr2@upenn.edu	Male	4870 Starling Center
976	Pansy	Marran	pmarranr3@businessweek.com	Female	45 Roth Drive
977	Anallise	Pellant	apellantr4@theglobeandmail.com	Female	5984 8th Point
978	Fran	Charrett	fcharrettr5@hexun.com	Female	00 Pierstorff Crossing
979	Gabbi	Wilcocke	gwilcocker6@ucoz.ru	Female	054 Lyons Junction
980	Gael	Hannabus	ghannabusr7@youtube.com	Male	23 Columbus Alley
981	Adaline	Linsay	alinsayr8@java.com	Female	3 Village Green Road
982	Allister	Gallacher	agallacherr9@springer.com	Male	9334 Melody Circle
983	Fons	McQuarrie	fmcquarriera@surveymonkey.com	Male	86 Buhler Way
984	Serge	Willmetts	swillmettsrb@shop-pro.jp	Male	2993 Heffernan Place
985	Beatrisa	Piggot	bpiggotrc@yolasite.com	Female	35729 Rigney Pass
986	Mechelle	Spooner	mspoonerrd@hp.com	Female	62 Grayhawk Point
987	Ephrayim	Cowpertwait	ecowpertwaitre@amazon.com	Male	8 Grim Terrace
988	Genia	Muriel	gmurielrf@usnews.com	Female	80461 Pepper Wood Plaza
989	Nikki	Clutterbuck	nclutterbuckrg@cmu.edu	Female	2851 2nd Avenue
990	Filip	Trehearn	ftrehearnrh@si.edu	Male	150 4th Terrace
991	Sam	Spare	sspareri@jiathis.com	Female	34 Harper Avenue
992	Sande	Martell	smartellrj@qq.com	Female	0009 Rockefeller Circle
993	Brit	Milsted	bmilstedrk@fc2.com	Female	0536 5th Way
994	Lyda	Hindge	lhindgerl@themeforest.net	Female	0 Brown Hill
995	Dwayne	Cutriss	dcutrissrm@mac.com	Male	397 Talmadge Hill
996	Florida	Porte	fportern@hatena.ne.jp	Female	5048 Bluestem Way
997	Guglielmo	Clash	gclashro@is.gd	Male	9 Prairieview Court
998	Erv	Blencoe	eblencoerp@ameblo.jp	Male	71065 Reinke Circle
999	Elset	Bagniuk	ebagniukrq@wix.com	Female	3 Spaight Terrace
1000	Chelsie	Blincow	cblincowrr@joomla.org	Female	983 Ohio Terrace
